"Genus","Species"
"Agama","aculeata"
"Agama","boensis"
"Agama","boueti"
"Agama","etoshae"
"Agama","gracilimembris"
"Agama","hispida"
"Agama","persimilis"
"Agama","robecchii"
"Agama","rueppelli"
"Agama","sankaranica"
"Bufoniceps","laungwalaensis"
"Cryptagama","aurita"
"Ctenophorus","adelaidensis"
"Ctenophorus","chapmani"
"Ctenophorus","cristatus"
"Ctenophorus","femoralis"
"Ctenophorus","fordi"
"Ctenophorus","gibba"
"Ctenophorus","isolepis"
"Ctenophorus","maculatus"
"Ctenophorus","maculosus"
"Ctenophorus","mckenziei"
"Ctenophorus","parviceps"
"Ctenophorus","pictus"
"Ctenophorus","reticulatus"
"Ctenophorus","salinarum"
"Ctenophorus","scutulatus"
"Diporiphora","albilabris"
"Diporiphora","bennettii"
"Diporiphora","phaeospinosa"
"Leiolepis","belliana"
"Leiolepis","boehmei"
"Leiolepis","guentherpetersi"
"Leiolepis","guttata"
"Leiolepis","ngovantrii"
"Leiolepis","peguensis"
"Leiolepis","reevesii"
"Leiolepis","rubritaeniata"
"Leiolepis","triploida"
"Moloch","horridus"
"Otocryptis","beddomei"
"Otocryptis","nigristigma"
"Otocryptis","wiegmanni"
"Phrynocephalus","ahvazicus"
"Phrynocephalus","ananjevae"
"Phrynocephalus","arabicus"
"Phrynocephalus","axillaris"
"Phrynocephalus","clarkorum"
"Phrynocephalus","erythrurus"
"Phrynocephalus","forsythii"
"Phrynocephalus","lutensis"
"Phrynocephalus","luteoguttatus"
"Phrynocephalus","przewalskii"
"Phrynocephalus","putjatai"
"Phrynocephalus","strauchi"
"Phrynocephalus","theobaldi"
"Phrynocephalus","versicolor"
"Phrynocephalus","vlangalii"
"Pogona","henrylawsoni"
"Saara","hardwickii"
"Sitana","bahiri"
"Sitana","devakai"
"Sitana","fusca"
"Sitana","ponticeriana"
"Sitana","schleichi"
"Trapelus","megalonyx"
"Trapelus","mutabilis"
"Trapelus","rubrigularis"
"Trapelus","savignii"
"Tympanocryptis","cephalus"
"Tympanocryptis","houstoni"
"Tympanocryptis","pentalineata"
"Tympanocryptis","pinguicolla"
"Uromastyx","acanthinura"
"Uromastyx","dispar"
"Uromastyx","macfadyeni"
"Uromastyx","nigriventris"
"Uromastyx","occidentalis"
"Uromastyx","thomasi"
"Xenagama","batillifera"
"Xenagama","taylori"
"Phrynocephalus","golubewii"
"Phrynocephalus","guttatus"
"Phrynocephalus","helioscopus"
"Phrynocephalus","interscapularis"
"Phrynocephalus","maculatus"
"Phrynocephalus","mystaceus"
"Phrynocephalus","ornatus"
"Phrynocephalus","persicus"
"Phrynocephalus","raddei"
"Phrynocephalus","reticulatus"
"Phrynocephalus","rossikowi"
"Phrynocephalus","scutellatus"
"Saara","asmussi"
"Saara","loricata"
"Trapelus","agilis"
"Trapelus","agnetae"
"Uromastyx","aegyptia"
